<?xml version="1.0" encoding="UTF-8" standalone="yes"?>
<addon id="repository.betaseries" name="BetaSeries Repository" version="1.0.2" provider-name="skylex modded by FG">
	<requires>
		<import addon="xbmc.addon" version="18.0.0"/>
	</requires>
	<extension point="xbmc.addon.repository" name="BetaSeries Add-on Repository">
		<dir minversion="18.0.0">
			<info compressed="false">https://raw.github.com/PCCV/xbmc-betaseries/leia/addons.xml</info>
			<checksum>https://raw.github.com/PCCV/xbmc-betaseries/leia/addons.xml.md5</checksum>
			<datadir zip="true">https://raw.github.com/PCCV/xbmc-betaseries/leia</datadir>
		</dir>
		<dir minversion="19.0.0">
			<info compressed="false">https://raw.github.com/PCCV/xbmc-betaseries/master/addons.xml</info>
			<checksum>https://raw.github.com/PCCV/xbmc-betaseries/master/addons.xml.md5</checksum>
			<datadir zip="true">https://raw.github.com/PCCV/xbmc-betaseries/master</datadir>
		</dir>
	</extension>
	<extension point="xbmc.addon.metadata">
		<summary>BetaSeries Add-on Repository</summary>
		<description lang="en">This repository contains the BetaSeries.com add-on for XBMC and maintains it up to date</description>
		<description lang="fr">Ce dépôt contient l'extension BetaSeries.com pour XBMC et permet de la maintenir à jour</description>
		<disclaimer>If it breaks, you get to keep the pieces</disclaimer>
		<platform>all</platform>
	</extension>
</addon>
